{
  "dataSource": "Keystroke Dynamics Dataset - 168K users (sampled)",
  "totalUsers": 168593,
  "totalKeystrokes": 3638618,
  "sampledUsers": 5000,
  "priors": {
    "alpha": 50.379841374567576,
    "beta": 2.7192252638494545
  },
  "speedModel": {
    "shape": 8.45017126325408,
    "rate": 0.14865518561513338,
    "meanSpeed": 56.84410690610874,
    "stdDev": 19.55476909027369
  },
  "dwellTimeModel": {
    "mean": 114.62579219432637,
    "stdDev": 70.55675329290281,
    "keySpecific": {
      "a": {
        "mean": 127.31883276218079,
        "stdDev": 30.897457192904593
      },
      "e": {
        "mean": 112.55189474024151,
        "stdDev": 25.34941361986903
      },
      "i": {
        "mean": 105.9714066364306,
        "stdDev": 28.463895903333306
      },
      "o": {
        "mean": 111.03530136289834,
        "stdDev": 26.668085078988632
      },
      "u": {
        "mean": 100.96369484156061,
        "stdDev": 23.829237893569623
      },
      "s": {
        "mean": 116.8817199459866,
        "stdDev": 27.31113248988968
      },
      "t": {
        "mean": 104.04064433344433,
        "stdDev": 25.649275502132788
      },
      "n": {
        "mean": 104.53183676295995,
        "stdDev": 24.885134699644883
      },
      "r": {
        "mean": 112.26322960251188,
        "stdDev": 25.6767704489638
      },
      "l": {
        "mean": 99.31981925730686,
        "stdDev": 22.84443450001235
      },
      " ": {
        "mean": 108.44800797199605,
        "stdDev": 28.35037930141833
      }
    }
  },
  "flightTimeModel": {
    "mean": 127.9941493077162,
    "stdDev": 245.0525884776283
  },
  "errorRates": {
    "mean": 0.05121041547427056,
    "stdDev": 0.02996879063618681,
    "distribution": "Beta(0.51, 9.49)"
  },
  "hmmTransitions": {
    "learning->learning": 0.15,
    "learning->proficient": 0.47184000000000004,
    "learning->mastered": 0.10208,
    "learning->regressing": 0.02,
    "proficient->learning": 0.00198,
    "proficient->proficient": 0.25,
    "proficient->mastered": 0.15311999999999998,
    "proficient->regressing": 0.01,
    "mastered->learning": 0.01,
    "mastered->proficient": 0.05,
    "mastered->mastered": 0.9,
    "mastered->regressing": 0.005,
    "regressing->learning": 0.3,
    "regressing->proficient": 0.1,
    "regressing->mastered": 0.02,
    "regressing->regressing": 0.5
  },
  "keySpecificPriors": {
    " ": {
      "alpha": 60.45580964948109,
      "beta": 2.266021053207879
    },
    "e": {
      "alpha": 57.93681758075271,
      "beta": 2.364543707695178
    },
    "a": {
      "alpha": 57.93681758075271,
      "beta": 2.364543707695178
    },
    "t": {
      "alpha": 57.93681758075271,
      "beta": 2.364543707695178
    },
    "o": {
      "alpha": 57.93681758075271,
      "beta": 2.364543707695178
    },
    "i": {
      "alpha": 55.417825512024336,
      "beta": 2.4720229671358673
    },
    "n": {
      "alpha": 55.417825512024336,
      "beta": 2.4720229671358673
    },
    "s": {
      "alpha": 55.417825512024336,
      "beta": 2.4720229671358673
    },
    "r": {
      "alpha": 55.417825512024336,
      "beta": 2.4720229671358673
    },
    "q": {
      "alpha": 42.822865168382435,
      "beta": 3.1990885457052407
    },
    "z": {
      "alpha": 42.822865168382435,
      "beta": 3.1990885457052407
    },
    "x": {
      "alpha": 42.822865168382435,
      "beta": 3.1990885457052407
    },
    "p": {
      "alpha": 47.860849305839196,
      "beta": 2.862342382999426
    },
    "b": {
      "alpha": 45.34185723711082,
      "beta": 3.0213614042771715
    },
    "v": {
      "alpha": 45.34185723711082,
      "beta": 3.0213614042771715
    },
    "j": {
      "alpha": 42.822865168382435,
      "beta": 3.1990885457052407
    },
    "k": {
      "alpha": 45.34185723711082,
      "beta": 3.0213614042771715
    }
  },
  "ensembleWeights": {
    "bayesian": 0.35,
    "hmm": 0.3,
    "temporal": 0.2,
    "meta": 0.15
  }
}